{
  "model_name": "DBSCAN_HWHJJW_20251201003056",
  "model_type": "DBSCAN_PIPELINE",
  "model_file": "model/DBSCAN_HWHJJW_20251201003056.pkl",
  "timestamp": "2025-12-01 00:30:56",
  "performance": {
    "total_samples": 517,
    "anomalies_detected": 19,
    "anomaly_fraction": 0.0368,
    "num_clusters": 1
  },
  "feature_stats": {
    "mean_cpu": {
      "mean": 0.0988394584139265,
      "std": 1.5723503020123937
    },
    "max_cpu": {
      "mean": 0.0988394584139265,
      "std": 1.5723503020123937
    },
    "std_cpu": {
      "mean": 0.0,
      "std": 0.0
    },
    "mean_ram": {
      "mean": 18.86377236460348,
      "std": 66.81954160590891
    },
    "max_ram": {
      "mean": 18.86377236460348,
      "std": 66.81954160590891
    },
    "std_ram": {
      "mean": 0.0,
      "std": 0.0
    },
    "occurrence_count": {
      "mean": 1.0,
      "std": 0.0
    },
    "last_seen_age_seconds": {
      "mean": 0.128698,
      "std": 0.0
    }
  },
  "datasets": [
    "snapshot_20251201003056.csv"
  ]
}